Workbook

Sheet Summary
A1: BigCoin — Time to Mine 15,000,000 Coins (Litecoin/Scrypt fork)
A3: Two honest models. On a LIVE network, difficulty retargeting fixes the calendar time regardless of hardware — so the CPU/GPU/ASIC race only exists when you solo-mine an isolated chain at a fixed low difficulty (Model A), or it shows up as your SHARE of a live network (Model B).
A7: Headline figures
A8: Metric | B8: Value | C8: Unit
A9: Blocks to reach 15,000,000 BIG | B9: ='Emission Schedule'!$B$17 | C9: blocks
A10: Live-network calendar time (any hardware) | B10: ='Emission Schedule'!$B$20 | C10: days
A11: Solo @ diff-1 — CPU | B11: ='Hardware Comparison'!G6 | C11: years
A12: Solo @ diff-1 — GPU | B12: ='Hardware Comparison'!G7 | C12: years
A13: Solo @ diff-1 — ASIC (L7) | B13: ='Hardware Comparison'!F8 | C13: days
A16: See 'Assumptions' to change inputs; 'Emission Schedule' and 'Hardware Comparison' for the math.

Sheet Assumptions
A1: BigCoin Mining Estimate — Assumptions (Litecoin / Scrypt fork)
A3: Parameter | B3: Value | C3: Unit | D3: Notes / Source
A4: Total circulation target | B4: 15000000 | C4: BIG | D4: User-specified target to mine.
A5: Initial block reward | B5: 50 | C5: BIG/block | D5: BigCoin genesis reward (Litecoin-style).
A6: Block time | B6: 150 | C6: seconds | D6: 2.5 minutes — Litecoin target spacing.
A7: Halving interval | B7: 840000 | C7: blocks | D7: Litecoin schedule (reward halves each interval).
A8: Scrypt difficulty-1 work | B8: 4294967296 | C8: hashes | D8: 2^32 — hashes per block at difficulty 1 (Bitcoin/Litecoin definition).
A9: Solo mining difficulty | B9: 1 | C9: (unitless) | D9: Fresh-fork minimum. RAISE THIS to model a harder/established chain.
A10: Assumed network hashrate | B10: 1000000000000 | C10: H/s | D10: 1 TH/s — for the 'share of network' model only. Adjust to your network.
A12: Mining hardware (Scrypt)
A13: Hardware | B13: Hashrate (H/s) | C13: Power (W) | D13: Notes / Source
A14: CPU (modern desktop x86) | B14: 50000 | C14: 95 | D14: ~50 KH/s Scrypt; typical multi-core desktop CPU.
A15: GPU (high-end) | B15: 750000 | C15: 200 | D15: ~0.75 MH/s Scrypt; modern high-end GPU.
A16: ASIC (Bitmain Antminer L7) | B16: 9500000000 | C16: 3425 | D16: 9.5 GH/s @ 3425 W — Bitmain L7 published spec.
A18: Legend:
A19: Yellow / blue text = input you can edit.
A20: Black = formula. Green = value pulled from another sheet.

Sheet Emission Schedule
A1: Emission Schedule & Blocks to Reach Target
A2: Reward halves every interval. 15M is reached in Epoch 0 (before the first halving at 42M emitted), so reward stays 50 BIG the whole way.
A4: Epoch | B4: Block Reward (BIG) | C4: Halving Interval (blocks) | D4: Coins in Epoch (BIG) | E4: Cumulative Before (BIG) | F4: Cumulative After (BIG) | G4: Remaining to Target Before (BIG) | H4: Blocks Toward Target
A5: 0 | B5: =Assumptions!$B$5/2^A5 | C5: =Assumptions!$B$7 | D5: =B5*C5 | E5: 0 | F5: =E5+D5 | G5: =MAX(0,Assumptions!$B$4-E5) | H5: =IF(G5<=0,0,MIN(C5,ROUNDUP(G5/B5,0)))
A6: 1 | B6: =Assumptions!$B$5/2^A6 | C6: =Assumptions!$B$7 | D6: =B6*C6 | E6: =F5 | F6: =E6+D6 | G6: =MAX(0,Assumptions!$B$4-E6) | H6: =IF(G6<=0,0,MIN(C6,ROUNDUP(G6/B6,0)))
A7: 2 | B7: =Assumptions!$B$5/2^A7 | C7: =Assumptions!$B$7 | D7: =B7*C7 | E7: =F6 | F7: =E7+D7 | G7: =MAX(0,Assumptions!$B$4-E7) | H7: =IF(G7<=0,0,MIN(C7,ROUNDUP(G7/B7,0)))
A8: 3 | B8: =Assumptions!$B$5/2^A8 | C8: =Assumptions!$B$7 | D8: =B8*C8 | E8: =F7 | F8: =E8+D8 | G8: =MAX(0,Assumptions!$B$4-E8) | H8: =IF(G8<=0,0,MIN(C8,ROUNDUP(G8/B8,0)))
A9: 4 | B9: =Assumptions!$B$5/2^A9 | C9: =Assumptions!$B$7 | D9: =B9*C9 | E9: =F8 | F9: =E9+D9 | G9: =MAX(0,Assumptions!$B$4-E9) | H9: =IF(G9<=0,0,MIN(C9,ROUNDUP(G9/B9,0)))
A10: 5 | B10: =Assumptions!$B$5/2^A10 | C10: =Assumptions!$B$7 | D10: =B10*C10 | E10: =F9 | F10: =E10+D10 | G10: =MAX(0,Assumptions!$B$4-E10) | H10: =IF(G10<=0,0,MIN(C10,ROUNDUP(G10/B10,0)))
A11: 6 | B11: =Assumptions!$B$5/2^A11 | C11: =Assumptions!$B$7 | D11: =B11*C11 | E11: =F10 | F11: =E11+D11 | G11: =MAX(0,Assumptions!$B$4-E11) | H11: =IF(G11<=0,0,MIN(C11,ROUNDUP(G11/B11,0)))
A12: 7 | B12: =Assumptions!$B$5/2^A12 | C12: =Assumptions!$B$7 | D12: =B12*C12 | E12: =F11 | F12: =E12+D12 | G12: =MAX(0,Assumptions!$B$4-E12) | H12: =IF(G12<=0,0,MIN(C12,ROUNDUP(G12/B12,0)))
A13: 8 | B13: =Assumptions!$B$5/2^A13 | C13: =Assumptions!$B$7 | D13: =B13*C13 | E13: =F12 | F13: =E13+D13 | G13: =MAX(0,Assumptions!$B$4-E13) | H13: =IF(G13<=0,0,MIN(C13,ROUNDUP(G13/B13,0)))
A14: 9 | B14: =Assumptions!$B$5/2^A14 | C14: =Assumptions!$B$7 | D14: =B14*C14 | E14: =F13 | F14: =E14+D14 | G14: =MAX(0,Assumptions!$B$4-E14) | H14: =IF(G14<=0,0,MIN(C14,ROUNDUP(G14/B14,0)))
A15: TOTAL | H15: =SUM(H5:H14)
A17: Blocks to reach target | B17: =H15 | C17: blocks
A18: Block time | B18: =Assumptions!$B$6 | C18: seconds
A19: Calendar time to target (live network) | B19: =B17*B18 | C19: seconds
A20: in days | B20: =B19/86400 | C20: days
A21: in years | B21: =B20/365.25 | C21: years

Sheet Hardware Comparison
A1: CPU vs GPU vs ASIC — Time to Mine 15,000,000 BIG
A3: MODEL A — Solo mining at FIXED difficulty (brand-new / isolated chain, hashrate-bound)
A4: Time = Blocks to target x Difficulty x 2^32 / Hashrate. This is where hardware matters. Uses 'Solo mining difficulty' from Assumptions (default 1 = fresh fork).
A5: Hardware | B5: Hashrate (H/s) | C5: Speed vs CPU (x) | D5: Total Hashes Needed | E5: Time (seconds) | F5: Time (days) | G5: Time (years) | H5: Power (W) | I5: Energy (kWh)
A6: CPU | B6: =Assumptions!$B$14 | C6: =B6/$B$6 | D6: ='Emission Schedule'!$B$17*Assumptions!$B$9*Assumptions!$B$8 | E6: =D6/B6 | F6: =E6/86400 | G6: =F6/365.25 | H6: =Assumptions!$C$14 | I6: =H6*E6/3600/1000
A7: GPU | B7: =Assumptions!$B$15 | C7: =B7/$B$6 | D7: ='Emission Schedule'!$B$17*Assumptions!$B$9*Assumptions!$B$8 | E7: =D7/B7 | F7: =E7/86400 | G7: =F7/365.25 | H7: =Assumptions!$C$15 | I7: =H7*E7/3600/1000
A8: ASIC | B8: =Assumptions!$B$16 | C8: =B8/$B$6 | D8: ='Emission Schedule'!$B$17*Assumptions!$B$9*Assumptions!$B$8 | E8: =D8/B8 | F8: =E8/86400 | G8: =F8/365.25 | H8: =Assumptions!$C$16 | I8: =H8*E8/3600/1000
A10: MODEL B — Live network (difficulty retargets to hold 2.5-min blocks)
A11: Calendar time to emit 15M is FIXED by the protocol and is the SAME for all hardware (see cell below). Hardware only changes YOUR share of the rewards.
A12: Calendar time to mine 15M on live network (all hardware): | F12: ='Emission Schedule'!$B$20 | G12: days
A13: Hardware | B13: Hashrate (H/s) | C13: Network Hashrate (H/s) | D13: Your Share | E13: Expected Coins / Day | F13: Expected Days per Block (50 BIG) | G13: Expected Coins over the run
A14: CPU | B14: =Assumptions!$B$14 | C14: =Assumptions!$B$10 | D14: =B14/C14 | E14: =D14*((86400/Assumptions!$B$6)*Assumptions!$B$5) | F14: =(Assumptions!$B$6/D14)/86400 | G14: =D14*Assumptions!$B$4
A15: GPU | B15: =Assumptions!$B$15 | C15: =Assumptions!$B$10 | D15: =B15/C15 | E15: =D15*((86400/Assumptions!$B$6)*Assumptions!$B$5) | F15: =(Assumptions!$B$6/D15)/86400 | G15: =D15*Assumptions!$B$4
A16: ASIC | B16: =Assumptions!$B$16 | C16: =Assumptions!$B$10 | D16: =B16/C16 | E16: =D16*((86400/Assumptions!$B$6)*Assumptions!$B$5) | F16: =(Assumptions!$B$6/D16)/86400 | G16: =D16*Assumptions!$B$4
